timeStamp,elapsed,label,responseCode,responseMessage,threadName,dataType,success,failureMessage,bytes,sentBytes,grpThreads,allThreads,URL,Latency,IdleTime,Connect
1781195774707,4160,Login ,200,"Number of samples in transaction : 11, number of failing samples : 0",Baseline_UAT Legacy 1-1,,true,,372189,45211,2,2,null,0,554,805
1781195777692,3215,Login ,200,"Number of samples in transaction : 11, number of failing samples : 0",Baseline_UAT Legacy 1-2,,true,,372021,45153,3,3,null,0,90,344
1781195780676,4683,Login ,200,"Number of samples in transaction : 11, number of failing samples : 0",Baseline_UAT Legacy 1-3,,true,,372084,45164,4,4,null,0,34,328
1781195783676,3824,Login ,200,"Number of samples in transaction : 11, number of failing samples : 0",Baseline_UAT Legacy 1-4,,true,,372107,45129,5,5,null,0,55,324
1781195780998,7830,Redirect to applications page,200,"Number of samples in transaction : 7, number of failing samples : 0",Baseline_UAT Legacy 1-2,,true,,270494,42687,5,5,null,0,33,21
1781195786685,3306,Login ,200,"Number of samples in transaction : 11, number of failing samples : 0",Baseline_UAT Legacy 1-5,,true,,371985,45138,6,6,null,0,127,340
1781195788861,2082,Event log page,200,"Number of samples in transaction : 4, number of failing samples : 0",Baseline_UAT Legacy 1-2,,true,,7858,36475,6,6,null,0,7,18
1781195779423,11649,Redirect to applications page,200,"Number of samples in transaction : 7, number of failing samples : 0",Baseline_UAT Legacy 1-1,,true,,270559,42727,6,6,null,0,26,57
1781195785394,8033,Redirect to applications page,200,"Number of samples in transaction : 7, number of failing samples : 0",Baseline_UAT Legacy 1-3,,true,,270546,42699,7,7,null,0,29,25
1781195791098,2412,Event log page,200,"Number of samples in transaction : 4, number of failing samples : 0",Baseline_UAT Legacy 1-1,,true,,7883,36541,7,7,null,0,6,15
1781195789674,4111,Login ,200,"Number of samples in transaction : 11, number of failing samples : 0",Baseline_UAT Legacy 1-6,,true,,372130,45149,7,7,null,0,77,303
1781195793456,2030,Event log page,200,"Number of samples in transaction : 4, number of failing samples : 0",Baseline_UAT Legacy 1-3,,true,,7876,36537,7,7,null,0,5,8
1781195792671,3932,Login ,200,"Number of samples in transaction : 11, number of failing samples : 0",Baseline_UAT Legacy 1-7,,true,,372070,45102,8,8,null,0,82,301
1781195787556,9342,Redirect to applications page,200,"Number of samples in transaction : 7, number of failing samples : 0",Baseline_UAT Legacy 1-4,,true,,270514,42716,8,8,null,0,19,22
1781195796917,1862,Event log page,200,"Number of samples in transaction : 4, number of failing samples : 0",Baseline_UAT Legacy 1-4,,true,,7869,36555,9,9,null,0,5,9
1781195795669,3483,Login ,200,"Number of samples in transaction : 11, number of failing samples : 0",Baseline_UAT Legacy 1-8,,true,,372044,45109,9,9,null,0,72,307
1781195790121,11086,Redirect to applications page,200,"Number of samples in transaction : 7, number of failing samples : 0",Baseline_UAT Legacy 1-5,,true,,270481,42676,9,9,null,0,20,18
1781195798668,3191,Login ,200,"Number of samples in transaction : 11, number of failing samples : 0",Baseline_UAT Legacy 1-9,,true,,372045,45168,10,10,null,0,94,302
1781195801226,3122,Event log page,200,"Number of samples in transaction : 4, number of failing samples : 0",Baseline_UAT Legacy 1-5,,true,,7865,36483,10,10,null,0,5,19
1781195801667,3063,Login ,200,"Number of samples in transaction : 11, number of failing samples : 0",Baseline_UAT Legacy 1-10,,true,,372054,45097,11,11,null,0,54,295
1781195793863,12787,Redirect to applications page,200,"Number of samples in transaction : 7, number of failing samples : 0",Baseline_UAT Legacy 1-6,,true,,270573,42676,11,11,null,0,16,20
1781195804669,3429,Login ,200,"Number of samples in transaction : 11, number of failing samples : 0",Baseline_UAT Legacy 1-11,,true,,372244,45236,12,12,null,0,56,299
1781195806665,2298,Event log page,200,"Number of samples in transaction : 4, number of failing samples : 0",Baseline_UAT Legacy 1-6,,true,,7860,36485,12,12,null,0,6,9
1781195807673,3587,Login ,200,"Number of samples in transaction : 11, number of failing samples : 0",Baseline_UAT Legacy 1-12,,true,,372107,45112,13,13,null,0,54,306
1781195810685,3556,Login ,200,"Number of samples in transaction : 11, number of failing samples : 0",Baseline_UAT Legacy 1-13,,true,,372195,45185,14,14,null,0,81,288
1781195799225,17590,Redirect to applications page,200,"Number of samples in transaction : 7, number of failing samples : 0",Baseline_UAT Legacy 1-8,,true,,270468,42715,15,15,null,0,33,19
1781195813669,3355,Login ,200,"Number of samples in transaction : 11, number of failing samples : 0",Baseline_UAT Legacy 1-14,,true,,372067,45169,15,15,null,0,56,331
1781195796685,21073,Redirect to applications page,200,"Number of samples in transaction : 7, number of failing samples : 0",Baseline_UAT Legacy 1-7,,true,,270523,42739,15,15,null,0,17,16
1781195808154,9735,Redirect to applications page,200,"Number of samples in transaction : 7, number of failing samples : 0",Baseline_UAT Legacy 1-11,,true,,270560,42713,15,15,null,0,17,16
1781195811316,6827,Redirect to applications page,200,"Number of samples in transaction : 7, number of failing samples : 0",Baseline_UAT Legacy 1-12,,true,,270468,42723,15,15,null,0,21,35
1781195817776,1841,Event log page,200,"Number of samples in transaction : 4, number of failing samples : 0",Baseline_UAT Legacy 1-7,,true,,7849,36541,15,15,null,0,5,10
1781195816848,2979,Event log page,200,"Number of samples in transaction : 4, number of failing samples : 0",Baseline_UAT Legacy 1-8,,true,,7872,36539,16,16,null,0,4,10
1781195801953,18044,Redirect to applications page,200,"Number of samples in transaction : 7, number of failing samples : 0",Baseline_UAT Legacy 1-9,,true,,270563,42682,16,16,null,0,20,17
1781195816668,3310,Login ,200,"Number of samples in transaction : 11, number of failing samples : 0",Baseline_UAT Legacy 1-15,,true,,372169,45200,16,16,null,0,91,321
1781195818165,1901,Event log page,200,"Number of samples in transaction : 4, number of failing samples : 0",Baseline_UAT Legacy 1-12,,true,,7841,36539,16,16,null,0,5,14
1781195817908,2564,Event log page,200,"Number of samples in transaction : 4, number of failing samples : 0",Baseline_UAT Legacy 1-11,,true,,7858,36543,16,16,null,0,5,11
1781195820020,1752,Event log page,200,"Number of samples in transaction : 4, number of failing samples : 0",Baseline_UAT Legacy 1-9,,true,,7868,36483,16,16,null,0,5,116
1781195804784,18038,Redirect to applications page,200,"Number of samples in transaction : 7, number of failing samples : 0",Baseline_UAT Legacy 1-10,,true,,270481,42692,17,17,null,0,19,14
1781195819667,3465,Login ,200,"Number of samples in transaction : 11, number of failing samples : 0",Baseline_UAT Legacy 1-16,,true,,371991,45129,17,17,null,0,94,318
1781195817081,7325,Redirect to applications page,200,"Number of samples in transaction : 7, number of failing samples : 0",Baseline_UAT Legacy 1-14,,true,,270554,42712,17,17,null,0,15,17
1781195822842,1842,Event log page,200,"Number of samples in transaction : 4, number of failing samples : 0",Baseline_UAT Legacy 1-10,,true,,7877,36471,17,17,null,0,6,8
1781195824422,1708,Event log page,200,"Number of samples in transaction : 4, number of failing samples : 0",Baseline_UAT Legacy 1-14,,true,,7855,36539,18,18,null,0,4,8
1781195822674,3453,Login ,200,"Number of samples in transaction : 11, number of failing samples : 0",Baseline_UAT Legacy 1-17,,true,,372098,45150,18,18,null,0,43,301
1781195790950,5726,PSOSInq- Event log page,200,"Number of samples in transaction : 6, number of failing samples : 0",Baseline_UAT Legacy 1-2,,true,,39864,44940,18,18,null,0,30009,19
1781195793517,4700,PSOSInq- Event log page,200,"Number of samples in transaction : 6, number of failing samples : 0",Baseline_UAT Legacy 1-1,,true,,39857,45002,17,17,null,0,30013,9
1781195814322,14774,Redirect to applications page,200,"Number of samples in transaction : 7, number of failing samples : 0",Baseline_UAT Legacy 1-13,,true,,270515,42716,17,17,null,0,20,16
1781195825667,3888,Login ,200,"Number of samples in transaction : 11, number of failing samples : 0",Baseline_UAT Legacy 1-18,,true,,372019,45164,17,17,null,0,31,326
1781195795492,5456,PSOSInq- Event log page,200,"Number of samples in transaction : 6, number of failing samples : 0",Baseline_UAT Legacy 1-3,,true,,39854,45002,17,17,null,0,30010,11
1781195829117,1960,Event log page,200,"Number of samples in transaction : 4, number of failing samples : 0",Baseline_UAT Legacy 1-13,,true,,7865,36539,16,16,null,0,1,8
1781195828670,3178,Login ,200,"Number of samples in transaction : 11, number of failing samples : 0",Baseline_UAT Legacy 1-19,,true,,372053,45194,17,17,null,0,71,325
1781195826171,7654,Redirect to applications page,200,"Number of samples in transaction : 7, number of failing samples : 0",Baseline_UAT Legacy 1-17,,true,,270527,42699,17,17,null,0,17,14
1781195820069,14159,Redirect to applications page,200,"Number of samples in transaction : 7, number of failing samples : 0",Baseline_UAT Legacy 1-15,,true,,270518,42721,17,17,null,0,17,16
1781195831667,3343,Login ,200,"Number of samples in transaction : 11, number of failing samples : 0",Baseline_UAT Legacy 1-20,,true,,372120,45119,17,17,null,0,49,319
1781195798784,6618,PSOSInq- Event log page,200,"Number of samples in transaction : 6, number of failing samples : 0",Baseline_UAT Legacy 1-4,,true,,39868,45004,17,17,null,0,30010,9
1781195833842,1719,Event log page,200,"Number of samples in transaction : 4, number of failing samples : 0",Baseline_UAT Legacy 1-17,,true,,7849,36545,16,16,null,0,3,8
1781195834244,1866,Event log page,200,"Number of samples in transaction : 4, number of failing samples : 0",Baseline_UAT Legacy 1-15,,true,,7862,36549,16,16,null,0,5,9
1781195823226,16183,Redirect to applications page,200,"Number of samples in transaction : 7, number of failing samples : 0",Baseline_UAT Legacy 1-16,,true,,270511,42719,16,16,null,0,23,17
1781195804353,5173,PSOSInq- Event log page,200,"Number of samples in transaction : 6, number of failing samples : 0",Baseline_UAT Legacy 1-5,,true,,39866,44942,16,16,null,0,30011,9
1781195839433,1800,Event log page,200,"Number of samples in transaction : 4, number of failing samples : 0",Baseline_UAT Legacy 1-16,,true,,7864,36557,15,15,null,0,3,8
1781195835060,6873,Redirect to applications page,200,"Number of samples in transaction : 7, number of failing samples : 0",Baseline_UAT Legacy 1-20,,true,,270482,42718,15,15,null,0,20,14
1781195841954,1301,Event log page,200,"Number of samples in transaction : 4, number of failing samples : 0",Baseline_UAT Legacy 1-20,,true,,7858,36545,15,15,null,0,5,8
1781195808970,4701,PSOSInq- Event log page,200,"Number of samples in transaction : 6, number of failing samples : 0",Baseline_UAT Legacy 1-6,,true,,39859,44954,15,15,null,0,30007,7
1781195829586,14280,Redirect to applications page,200,"Number of samples in transaction : 7, number of failing samples : 0",Baseline_UAT Legacy 1-18,,true,,270521,42725,14,14,null,0,17,15
1781195843884,1275,Event log page,200,"Number of samples in transaction : 4, number of failing samples : 0",Baseline_UAT Legacy 1-18,,true,,7850,36539,14,14,null,0,3,9
1781195831918,13319,Redirect to applications page,200,"Number of samples in transaction : 7, number of failing samples : 0",Baseline_UAT Legacy 1-19,,true,,270450,42673,14,14,null,0,23,16
1781195845262,1282,Event log page,200,"Number of samples in transaction : 4, number of failing samples : 0",Baseline_UAT Legacy 1-19,,true,,7835,36479,14,14,null,0,4,8
1781195819622,4673,PSOSInq- Event log page,200,"Number of samples in transaction : 6, number of failing samples : 0",Baseline_UAT Legacy 1-7,,true,,39860,45012,14,14,null,0,30008,8
1781195819831,4938,PSOSInq- Event log page,200,"Number of samples in transaction : 6, number of failing samples : 0",Baseline_UAT Legacy 1-8,,true,,39859,45012,13,13,null,0,30011,12
1781195820071,4851,PSOSInq- Event log page,200,"Number of samples in transaction : 6, number of failing samples : 0",Baseline_UAT Legacy 1-12,,true,,39848,45006,12,12,null,0,30015,10
1781195820477,4564,PSOSInq- Event log page,200,"Number of samples in transaction : 6, number of failing samples : 0",Baseline_UAT Legacy 1-11,,true,,39866,44988,11,11,null,0,30010,98
1781195821777,4013,PSOSInq- Event log page,200,"Number of samples in transaction : 6, number of failing samples : 0",Baseline_UAT Legacy 1-9,,true,,39920,44948,10,10,null,0,30009,12
1781195824690,4330,PSOSInq- Event log page,200,"Number of samples in transaction : 6, number of failing samples : 0",Baseline_UAT Legacy 1-10,,true,,39836,44938,9,9,null,0,30008,11
1781195826134,4931,PSOSInq- Event log page,200,"Number of samples in transaction : 6, number of failing samples : 0",Baseline_UAT Legacy 1-14,,true,,39864,45002,8,8,null,0,30008,8
1781195831077,3690,PSOSInq- Event log page,200,"Number of samples in transaction : 6, number of failing samples : 0",Baseline_UAT Legacy 1-13,,true,,39845,44996,7,7,null,0,30009,9
1781195835566,2938,PSOSInq- Event log page,200,"Number of samples in transaction : 6, number of failing samples : 0",Baseline_UAT Legacy 1-17,,true,,39836,45002,6,6,null,0,30008,8
1781195836117,3781,PSOSInq- Event log page,200,"Number of samples in transaction : 6, number of failing samples : 0",Baseline_UAT Legacy 1-15,,true,,39824,45014,5,5,null,0,30011,9
1781195841236,3293,PSOSInq- Event log page,200,"Number of samples in transaction : 6, number of failing samples : 0",Baseline_UAT Legacy 1-16,,true,,39851,44992,4,4,null,0,30011,8
1781195843260,3215,PSOSInq- Event log page,200,"Number of samples in transaction : 6, number of failing samples : 0",Baseline_UAT Legacy 1-20,,true,,39832,44992,3,3,null,0,30009,7
1781195845163,3051,PSOSInq- Event log page,200,"Number of samples in transaction : 6, number of failing samples : 0",Baseline_UAT Legacy 1-18,,true,,39847,45006,2,2,null,0,30009,8
1781195846549,2837,PSOSInq- Event log page,200,"Number of samples in transaction : 6, number of failing samples : 0",Baseline_UAT Legacy 1-19,,true,,39831,44948,1,1,null,0,30007,10
